{
  "initialization_time_planning": 0.1589503288269043,
  "execution_time_planning": 169.32014513015747,
  "total_time": 169.47909545898438
}