{
  "initialization_time_planning": 0.1520392894744873,
  "execution_time_planning": 189.36481261253357,
  "total_time": 189.51685190200806
}