{
  "initialization_time_planning": 0.14763736724853516,
  "execution_time_planning": 153.00909662246704,
  "total_time": 153.15673398971558
}