{
  "initialization_time_control": 0.11801862716674805,
  "execution_time_control": 156.1399586200714,
  "total_time": 156.25797724723816
}