{
  "initialization_time_control": 0.11590290069580078,
  "execution_time_control": 172.46097016334534,
  "total_time": 172.57687306404114
}