{
  "initialization_time_control": 0.11136341094970703,
  "execution_time_control": 380.7564651966095,
  "total_time": 380.8678286075592
}