{
  "initialization_time_control": 0.11596965789794922,
  "execution_time_control": 2761.6125569343567,
  "total_time": 2761.7285265922546
}