{
  "initialization_time_control": 0.11421799659729004,
  "execution_time_control": 45.75306558609009,
  "total_time": 45.86728358268738
}