{
  "initialization_time_control": 0.11047983169555664,
  "execution_time_control": 1913.4047601222992,
  "total_time": 1913.5152399539948
}