{
  "initialization_time_control": 1.667128562927246,
  "execution_time_control": 10.392744064331055,
  "total_time": 12.0598726272583
}