{
  "initialization_time_control": 0.1161506175994873,
  "execution_time_control": 1407.7839426994324,
  "total_time": 1407.9000933170319
}