{
  "initialization_time_control": 0.14092040061950684,
  "execution_time_control": 1102.1683444976807,
  "total_time": 1102.3092648983002
}