{
  "initialization_time_control": 0.12535691261291504,
  "execution_time_control": 50.446072816848755,
  "total_time": 50.57142972946167
}