{
  "initialization_time_control": 0.12433528900146484,
  "execution_time_control": 38.687374114990234,
  "total_time": 38.8117094039917
}