{
  "initialization_time_control": 0.12090039253234863,
  "execution_time_control": 17.92737364768982,
  "total_time": 18.048274040222168
}