{
  "initialization_time_control": 0.11902523040771484,
  "execution_time_control": 9.424314737319946,
  "total_time": 9.543339967727661
}