{
  "initialization_time_control": 0.13347625732421875,
  "execution_time_control": 36.38482642173767,
  "total_time": 36.51830267906189
}