{
  "initialization_time_control": 0.12723302841186523,
  "execution_time_control": 31.191243171691895,
  "total_time": 31.31847620010376
}