{
  "initialization_time_control": 0.12518048286437988,
  "execution_time_control": 23.80487608909607,
  "total_time": 23.93005657196045
}