{
  "initialization_time_control": 0.1304328441619873,
  "execution_time_control": 21.012213230133057,
  "total_time": 21.142646074295044
}