{
  "initialization_time_control": 0.12227034568786621,
  "execution_time_control": 20.95651125907898,
  "total_time": 21.078781604766846
}