{
  "initialization_time_control": 0.1261599063873291,
  "execution_time_control": 8.887392520904541,
  "total_time": 9.01355242729187
}