{
  "initialization_time_control": 0.1232454776763916,
  "execution_time_control": 34.41964650154114,
  "total_time": 34.54289197921753
}