{
  "initialization_time_control": 0.11777353286743164,
  "execution_time_control": 10.150582790374756,
  "total_time": 10.268356323242188
}