{
  "initialization_time_control": 0.12450885772705078,
  "execution_time_control": 28.988791942596436,
  "total_time": 29.113300800323486
}