{
  "initialization_time_planning": 0.2598092555999756,
  "execution_time_planning": 121.07793402671814,
  "total_time": 121.33774328231812
}