{
  "initialization_time_planning": 0.14908671379089355,
  "execution_time_planning": 174.37894654273987,
  "total_time": 174.52803325653076
}