{
    "N": 512,
    "L": 6.283185307179586,
    "nu_h": 1e-28,
    "p": 4,
    "epsilon_inj": 0.1,
    "k_force_min": 3,
    "k_force_max": 5,
    "force_amp": 74939.32087081022,
    "CFL": 0.4,
    "T_spinup_fixed": 10.0,
    "N_tracers": 5000,
    "dt_snap": 0.01,
    "dt_vel": 0.5,
    "T_L_at_start_of_production": 4.985276538744802,
    "T_prod_calculated": 249.2638269372401,
    "N_tracer_snaps": 24927,
    "N_vel_snaps": 499
}