{"mean_displacement": 0.0067552304826676846, "vacf_lags": [1, 2, 4, 8, 16], "vacf_values": [0.9950134754180908, 0.9882062673568726, 0.9736210703849792, 0.9387813806533813, 0.8521458506584167], "tau_corr": 0, "n_tracer_snaps": 24927, "t_prod": 249.25886623775042}