{
  "initialization_time_control": 0.1308887004852295,
  "execution_time_control": 17.731897830963135,
  "total_time": 17.862786531448364
}