{
  "initialization_time_control": 0.12910175323486328,
  "execution_time_control": 53.03257083892822,
  "total_time": 53.161672592163086
}