{
  "initialization_time_control": 0.12645888328552246,
  "execution_time_control": 36.609179973602295,
  "total_time": 36.73563885688782
}