{
  "initialization_time_control": 0.12357497215270996,
  "execution_time_control": 17.538456201553345,
  "total_time": 17.662031173706055
}