{
  "initialization_time_control": 0.12630534172058105,
  "execution_time_control": 23.982882976531982,
  "total_time": 24.109188318252563
}