{
  "initialization_time_control": 0.12422609329223633,
  "execution_time_control": 18.816471576690674,
  "total_time": 18.94069766998291
}