{
  "initialization_time_control": 0.12406516075134277,
  "execution_time_control": 10.279263257980347,
  "total_time": 10.40332841873169
}