{
  "initialization_time_control": 0.12527203559875488,
  "execution_time_control": 17.314881801605225,
  "total_time": 17.44015383720398
}