{
  "initialization_time_control": 0.12819147109985352,
  "execution_time_control": 21.178138732910156,
  "total_time": 21.30633020401001
}