{
  "initialization_time_planning": 0.12341785430908203,
  "execution_time_planning": 110.36918997764587,
  "total_time": 110.49260783195496
}