{
  "initialization_time_control": 0.1163628101348877,
  "execution_time_control": 10.672157526016235,
  "total_time": 10.788520336151123
}