{
  "initialization_time_control": 0.12615466117858887,
  "execution_time_control": 65.40686964988708,
  "total_time": 65.53302431106567
}