{
  "initialization_time_control": 0.12921738624572754,
  "execution_time_control": 102.2500593662262,
  "total_time": 102.37927675247192
}