{
  "initialization_time_control": 0.12382936477661133,
  "execution_time_control": 55.56353688240051,
  "total_time": 55.687366247177124
}