{
  "initialization_time_control": 0.12659502029418945,
  "execution_time_control": 11.461952686309814,
  "total_time": 11.588547706604004
}