{
  "initialization_time_control": 0.12483096122741699,
  "execution_time_control": 88.69563341140747,
  "total_time": 88.82046437263489
}