{
  "initialization_time_control": 0.12518596649169922,
  "execution_time_control": 13.050550699234009,
  "total_time": 13.175736665725708
}