{
  "initialization_time_control": 0.12681007385253906,
  "execution_time_control": 27.66253685951233,
  "total_time": 27.789346933364868
}