{
  "initialization_time_planning": 0.12485599517822266,
  "execution_time_planning": 121.25293898582458,
  "total_time": 121.37779498100281
}