{
  "initialization_time_planning": 0.12648415565490723,
  "execution_time_planning": 124.50889706611633,
  "total_time": 124.63538122177124
}