{
  "gamma": 1.602461793788152,
  "D_eff": 0.47933188608475336,
  "C_vv_lag1": 0.9979323833966436,
  "tau_corr": 4.694627408521314,
  "tau_corr_over_TL": 3.398221336637933,
  "CCDF_slopes": {
    "0.1": -7.016430052209764,
    "0.5": -6.659587158768269,
    "1.0": -6.486223786084608,
    "2.0": -11.335237225978773,
    "5.0": -58.16866067498282
  },
  "CCDF_R2": {
    "0.1": -0.9946231913790301,
    "0.5": -0.9831182173077225,
    "1.0": -0.9715009881421359,
    "2.0": -0.8612997870760372,
    "5.0": -0.7860390845229865
  },
  "kurtosis": {
    "0.1": 0.09967947006225586,
    "0.5": -0.38380956649780273,
    "1.0": -0.7648603916168213,
    "2.0": -0.7735042572021484,
    "5.0": -1.3466919660568237
  },
  "FTLE_conditional": {
    "far": {
      "ccdf_slope": NaN,
      "kurtosis": -2.0000001788139343
    }
  },
  "band_gamma": {
    "k=1 (condensate)": 1.783143210420869,
    "k=2-3": 1.5922181392610835,
    "k=3-6": 1.3618441890126651
  },
  "T_L_mean": 1.3814954776212414,
  "T_prod": 249.2602066570737
}