{
  "initialization_time_control": 0.13045144081115723,
  "execution_time_control": 144.84926295280457,
  "total_time": 144.97971439361572
}