{
  "initialization_time_planning": 0.15053606033325195,
  "execution_time_planning": 150.61152458190918,
  "total_time": 150.76206064224243
}