{
  "initialization_time_planning": 0.16066646575927734,
  "execution_time_planning": 149.87502217292786,
  "total_time": 150.03568863868713
}